图片ID,Prompt
53dff0d7f3bb17e2af866c16f454ce5a,"图片53dff0d7f3bb17e2af866c16f454ce5a 24×24网格幻觉检测：(18,3)右上：背景文字乱码，字符无意义且拼写错误
(12,14)中：披萨违反重力垂直竖立，形态不合逻辑
(15,5)中右：头盔顶部装饰物结构异常，类似非标准生物头部
(10,8)中左：士兵口中叼着束状异物（类似干草或生面条），形态怪异
(7,21)左下：前景披萨纹理模糊崩坏，边缘细节缺失
(5,16)左下：士兵手部手指融合，缺乏清晰指节结构
(20,10)右：士兵手指与手中物体粘连，指节结构不清"
ea0ff7e1901749f7a4ab6659d83c4be8.jpeg~tplv-a9rns2rl98-downsize_watermark_1_5_b,"图片ea0ff7e1901749f7a4ab6659d83c4be8.jpeg~tplv-a9rns2rl98-downsize_watermark_1_5_b 24×24网格幻觉检测：(5,12)左中：生物结构异常，左侧多出一条巨大的尾巴，违背猫只有一条尾巴的常识
(19,12)右中：生物结构异常，右侧多出一条巨大的尾巴，违背猫只有一条尾巴的常识
(10,21)下中：脚趾细节模糊，数量显示不清，疑似只有三个脚趾
(14,21)下中：脚趾细节模糊，数量显示不清，疑似只有三个脚趾"
f85770e16ecda6aedc0ce30cd6fae384,"图片f85770e16ecda6aedc0ce30cd6fae384 24×24网格幻觉检测：(15,19)中下：中间女子裤子颜色左右不一致，左腿亮粉色右腿黑色，衣物逻辑错误
(21,18)右下：右侧男子短裤左腿下摆处有异常亮蓝色色块，疑似不合理拼接
(15,21)中下：中间女子鞋子颜色不一致，左脚灰色右脚粉色
(9,13)左中：左侧男子右手手腕处有黑色物体，形状模糊疑似手表但结构不清"
